Image name,Robby Preferences
Image 1,r
Image 2,l
Image 3,l
Image 4,l
Image 5,r
Image 6,l
Image 7,l
Image 8,l
Image 9,l
Image 10,r
Image 11,r
Image 12,r
Image 13,r
Image 14,r
Image 15,r
Image 16,r
Image 17,r
Image 18,r
Image 19,r
Image 20,r
Image 21,r
Image 22,l
Image 23,l
Image 24,l
Image 25,l
Image 26,r
Image 27,r
Image 28,r
Image 29,l
Image 30,l
Image 31,r
Image 32,r
Image 33,r
Image 34,l
Image 35,l
Image 36,l
Image 37,r
Image 38,l
Image 39,l
Image 40,r
Image 41,l
Image 42,l
Image 43,l
Image 44,r
Image 45,r
Image 46,l
Image 47,l
Image 48,l
Image 49,r
Image 50,l
Image 51,l
Image 52,r
Image 53,l
Image 54,r
Image 55,r
Image 56,r
Image 57,r
Image 58,r
Image 59,r
Image 60,l
Image 61,l
Image 62,l
Image 63,l
Image 64,l
Image 65,l
Image 66,l
Image 67,l
Image 68,r
Image 69,r
Image 70,r
Image 71,r
Image 72,l
Image 73,l
Image 74,r
Image 75,l
Image 76,l
Image 77,r
Image 78,l
Image 79,l
Image 80,r
Image 81,r
Image 82,l
Image 83,r
Image 84,r
Image 85,l
Image 86,r
Image 87,r
Image 88,l
Image 89,r
Image 90,r
Image 91,l
Image 92,l
Image 93,r
Image 94,l
Image 95,r
Image 96,r
Image 97,l
Image 98,l
Image 99,l
Image 100,r
Image 101,r
Image 102,r
Image 103,r
Image 104,r
Image 105,l
Image 106,l
Image 107,l
Image 108,r
Image 109,r
Image 110,r
Image 111,r
Image 112,l
Image 113,l
Image 114,l
Image 115,l
Image 116,r
Image 117,l
Image 118,r
Image 119,l
Image 120,l
Image 121,l
Image 122,l
Image 123,r
Image 124,r
Image 125,r
Image 126,l
Image 127,l
Image 128,r
Image 129,r
Image 130,r
Image 131,r
Image 132,r
Image 133,r
Image 134,r
Image 135,l
Image 136,l
Image 137,r
Image 138,r
Image 139,l
Image 140,l
Image 141,l
Image 142,l
Image 143,l
Image 144,r
Image 145,r
Image 146,r
Image 147,r
Image 148,l
Image 149,l
Image 150,l
Image 151,r
Image 152,l
Image 153,l
Image 154,r
Image 155,l
Image 156,r
Image 157,l
Image 158,r
Image 159,r
Image 160,l
Image 161,r
Image 162,l
Image 163,r
Image 164,r
Image 165,r
Image 166,l
Image 167,r
Image 168,l
Image 169,l
Image 170,r
Image 171,l
Image 172,l
Image 173,r
Image 174,r
Image 175,r
Image 176,r
Image 177,r
Image 178,r
Image 179,r
Image 180,l
Image 181,l
Image 182,l
Image 183,l
Image 184,l
Image 185,r
Image 186,r
Image 187,l
Image 188,r
Image 189,r
Image 190,l
Image 191,l
Image 192,r
Image 193,l
Image 194,l
Image 195,r
Image 196,r
Image 197,r
Image 198,r
Image 199,l
Image 200,r
Image 201,l
Image 202,r
Image 203,r
Image 204,l
Image 205,r
Image 206,l
Image 207,l
Image 208,r
Image 209,l
Image 210,l
Image 211,l
Image 212,l
Image 213,l
Image 214,l
Image 215,r
Image 216,r
Image 217,l
Image 218,r
Image 219,r
Image 220,l
Image 221,r
Image 222,r
Image 223,r
Image 224,r
Image 225,r
Image 226,l
Image 227,r
Image 228,l
Image 229,r
Image 230,r
Image 231,r
Image 232,r
Image 233,r
Image 234,r
Image 235,r
Image 236,l
Image 237,l
Image 238,l
Image 239,l
Image 240,r
Image 241,r
Image 242,r
Image 243,l
Image 244,l
Image 245,r
Image 246,r
Image 247,r
Image 248,r
Image 249,r
Image 250,l
Image 251,l
Image 252,l
Image 253,l
Image 254,r
Image 255,l
Image 256,r
Image 257,r
Image 258,r
Image 259,l
Image 260,l
Image 261,l
Image 262,r
Image 263,r
Image 264,r
Image 265,r
Image 266,l
Image 267,l
Image 268,r
Image 269,r
Image 270,l
Image 271,l
Image 272,r
Image 273,l
Image 274,l
Image 275,l
Image 276,l
Image 277,r
Image 278,r
Image 279,r
Image 280,r
Image 281,r
Image 282,r
Image 283,r
Image 284,r
Image 285,l
Image 286,l
Image 287,l
Image 288,l
Image 289,r
Image 290,l
Image 291,l
Image 292,r
Image 293,l
Image 294,l
Image 295,r
Image 296,l
Image 297,l
Image 298,l
Image 299,r
Image 300,l
Image 301,r
Image 302,r
Image 303,l
Image 304,r
Image 305,r
Image 306,r
Image 307,r
Image 308,l
Image 309,r
Image 310,l
Image 311,l
Image 312,r
Image 313,r
Image 314,l
Image 315,r
Image 316,r
Image 317,l
Image 318,r
Image 319,l
Image 320,l
Image 321,l
Image 322,l
Image 323,r
Image 324,l
Image 325,r
Image 326,l
Image 327,l
Image 328,r
Image 329,l
Image 330,r
Image 331,r
Image 332,r
Image 333,r
Image 334,l
Image 335,r
Image 336,l
Image 337,l
Image 338,r
Image 339,l
Image 340,l
Image 341,l
Image 342,l
Image 343,l
Image 344,l
Image 345,l
Image 346,l
Image 347,l
Image 348,r
Image 349,l
Image 350,l
Image 351,r
Image 352,r
Image 353,r
Image 354,r
Image 355,l
Image 356,r
Image 357,r
Image 358,l
Image 359,l
Image 360,l
Image 361,l
Image 362,r
Image 363,r
Image 364,l
Image 365,l
Image 366,l
Image 367,l
Image 368,r
Image 369,r
Image 370,l
Image 371,r
Image 372,l
Image 373,l
Image 374,l
Image 375,r
Image 376,r
Image 377,r
Image 378,r
Image 379,l
Image 380,l
Image 381,l
Image 382,l
Image 383,r
Image 384,l
Image 385,l
Image 386,l
Image 387,l
Image 388,l
Image 389,l
Image 390,l
Image 391,r
Image 392,l
Image 393,l
Image 394,l
Image 395,l
Image 396,l
Image 397,r
Image 398,l
Image 399,r
Image 400,r
Image 401,r
Image 402,r
Image 403,l
Image 404,l
Image 405,r
Image 406,r
Image 407,l
Image 408,r
Image 409,r
Image 410,l
Image 411,l
Image 412,r
Image 413,l
Image 414,r
Image 415,r
Image 416,r
Image 417,r
Image 418,r
Image 419,l
Image 420,r
Image 421,r
Image 422,l
Image 423,l
Image 424,l
Image 425,l
Image 426,r
Image 427,l
Image 428,r
Image 429,r
Image 430,l
Image 431,l
Image 432,l
Image 433,l
Image 434,l
Image 435,l
Image 436,l
Image 437,l
Image 438,l
Image 439,l
Image 440,l
Image 441,r
Image 442,r
Image 443,r
Image 444,r
Image 445,l
Image 446,l
Image 447,l
Image 448,r
Image 449,l
Image 450,l
Image 451,l
Image 452,r
Image 453,l
Image 454,l
Image 455,r
Image 456,l
Image 457,r
Image 458,r
Image 459,l
Image 460,r
Image 461,l
Image 462,l
Image 463,l
Image 464,l
Image 465,r
Image 466,r
Image 467,l
Image 468,l
Image 469,l
Image 470,r
Image 471,r
Image 472,r
Image 473,r
Image 474,l
Image 475,l
Image 476,l
Image 477,l
Image 478,l
Image 479,l
Image 480,l
Image 481,l
Image 482,r
Image 483,r
Image 484,l
Image 485,l
Image 486,l
Image 487,l
Image 488,l
Image 489,l
Image 490,r
Image 491,r
Image 492,l
Image 493,l
Image 494,l
Image 495,l
Image 496,r
Image 497,l
Image 498,r
Image 499,l
Image 500,r
Image 501,r
Image 502,l
Image 503,l
Image 504,r
Image 505,l
Image 506,l
Image 507,r
Image 508,l
Image 509,l
Image 510,l
Image 511,l
Image 512,l
Image 513,l
Image 514,l
Image 515,r
Image 516,l
Image 517,r
Image 518,l
Image 519,l
Image 520,r
Image 521,l
Image 522,r
Image 523,r
Image 524,r
Image 525,r
Image 526,l
Image 527,l
Image 528,r
Image 529,r
Image 530,r
Image 531,r
Image 532,l
Image 533,l
Image 534,r
Image 535,l
Image 536,r
Image 537,r
Image 538,l
Image 539,l
Image 540,l
Image 541,r
Image 542,l
Image 543,r
Image 544,l
Image 545,r
Image 546,l
Image 547,l
Image 548,l
Image 549,l
Image 550,l
Image 551,r
Image 552,r
Image 553,l
Image 554,l
Image 555,r
Image 556,l
Image 557,r
Image 558,l
Image 559,l
Image 560,r
Image 561,l
Image 562,r
Image 563,r
Image 564,r
Image 565,r
Image 566,r
Image 567,l
Image 568,l
Image 569,l
Image 570,l
Image 571,r
Image 572,l
Image 573,l
Image 574,l
Image 575,r
Image 576,l
Image 577,r
Image 578,l
Image 579,l
Image 580,r
Image 581,r
Image 582,r
Image 583,l
Image 584,r
Image 585,l
Image 586,r
Image 587,l
Image 588,r
Image 589,l
Image 590,r
Image 591,l
Image 592,l
Image 593,l
Image 594,r
Image 595,l
Image 596,l
Image 597,r
Image 598,r
Image 599,r
Image 600,r
Image 601,l
Image 602,l
Image 603,l
Image 604,l
Image 605,l
Image 606,l
Image 607,l
Image 608,r
Image 609,l
Image 610,r
Image 611,r
Image 612,l
Image 613,l
Image 614,l
Image 615,r
Image 616,r
Image 617,l
Image 618,l
Image 619,r
Image 620,l
Image 621,r
Image 622,r
Image 623,r
Image 624,l
Image 625,r
Image 626,l
Image 627,l
Image 628,r
Image 629,r
Image 630,l
Image 631,r
Image 632,r
Image 633,l
Image 634,r
Image 635,l
Image 636,l
Image 637,r
Image 638,r
Image 639,l
Image 640,r
Image 641,l
Image 642,r
Image 643,r
Image 644,l
Image 645,l
Image 646,r
Image 647,l
Image 648,r
Image 649,l
Image 650,r
Image 651,r
Image 652,r
Image 653,r
Image 654,r
Image 655,l
Image 656,r
Image 657,r
Image 658,l
Image 659,l
Image 660,r
Image 661,r
Image 662,l
Image 663,l
Image 664,r
Image 665,l
Image 666,l
Image 667,l
Image 668,r
Image 669,l
Image 670,l
Image 671,l
Image 672,r
Image 673,r
Image 674,r
Image 675,l
Image 676,l
Image 677,r
Image 678,r
Image 679,r
Image 680,r
Image 681,l
Image 682,l
Image 683,l
Image 684,r
Image 685,r
Image 686,r
Image 687,r
Image 688,r
Image 689,r
Image 690,l
Image 691,r
Image 692,r
Image 693,r
Image 694,r
Image 695,r
Image 696,l
Image 697,r
Image 698,r
Image 699,r
Image 700,r
Image 701,r
Image 702,l
Image 703,l
Image 704,r
Image 705,r
Image 706,r
Image 707,r
Image 708,l
Image 709,l
Image 710,r
Image 711,l
Image 712,l
Image 713,l
Image 714,r
Image 715,r
Image 716,r
Image 717,r
Image 718,l
Image 719,l
Image 720,r
Image 721,l
Image 722,l
Image 723,r
Image 724,r
Image 725,l
Image 726,l
Image 727,l
Image 728,l
Image 729,r
Image 730,r
Image 731,l
Image 732,l
Image 733,l
Image 734,l
Image 735,l
Image 736,l
Image 737,l
Image 738,r
Image 739,l
Image 740,r
Image 741,l
Image 742,l
Image 743,l
Image 744,r
Image 745,r
Image 746,r
Image 747,r
Image 748,l
Image 749,r
Image 750,l
Image 751,r
Image 752,l
Image 753,r
Image 754,l
Image 755,r
Image 756,l
Image 757,r
Image 758,r
Image 759,l
Image 760,l
Image 761,r
Image 762,r
Image 763,r
Image 764,r
Image 765,r
Image 766,l
Image 767,l
Image 768,l
Image 769,r
Image 770,l
Image 771,r
Image 772,r
Image 773,r
Image 774,l
Image 775,l
Image 776,l
Image 777,l
Image 778,r
Image 779,l
Image 780,r
Image 781,r
Image 782,l
Image 783,l